searchterm,kategorie
Michael Jackson,music
AC/DC,music
Pink Floyd,music
Whitney Houston / Verschiedene Interpreten,music
Meat Loaf,music
Eagles,music
Bee Gees / Verschiedene Interpreten,music
Fleetwood Mac,music
Shania Twain,music
Verschiedene Interpreten,music
Led Zeppelin,music
Eminem,music
Alanis Morissette,music
Céline Dion,music
The Beatles,music
Adele,music
Madonna,music
Metallica,music
ABBA,music
Bruce Springsteen,music
James Horner,music
Dire Straits,music
Nirvana,music
Santana,music
Guns n’ Roses,music
Elton John,music
Iron Butterfly,music
Linkin Park,music
Bon Jovi,music
Mariah Carey,music
Norah Jones,music
Eric Clapton,music
Britney Spears,music
Bob Marley & The Wailers,music
Carole King,music
Phil Collins,music
Queen,music
Simon & Garfunkel,music
U2,music
Prince and The Revolution,music
George Michael,music
Ace of Base,music
Backstreet Boys,music
Spice Girls,music
TLC,music
Whitney Houston,music
Fugees,music
Oasis,music
Hootie and the Blowfish,music
Dido,music
Lauryn Hill,music
Boston,music
Def Leppard,music
Elvis Presley,music
Green Day,music
Lionel Richie,music
Supertramp,music
Tracy Chapman,music
The Who,music
Andrea Bocelli,music
Janet Jackson,music
Billy Ray Cyrus,music
Bee Gees,music
Barbra Streisand,music
Amy Winehouse,music
Tina Turner,music
Thriller,music
Back in Black,music
The Dark Side of the Moon,music
The Bodyguard: Original Soundtrack Album,music
Bat Out of Hell,music
Their Greatest Hits (1971–1975),music
Saturday Night Fever: The Original Movie Sound Track,music
Rumours,music
Come On Over,music
Grease: The Original Soundtrack from the Motion Picture,music
Led Zeppelin IV,music
The Eminem Show,music
Bad,music
The Marshall Mathers LP,music
Jagged Little Pill,music
Dangerous,music
Falling into You,music
Hotel California,music
Sgt. Pepper’s Lonely Hearts Club Band,music
Dirty Dancing,music
21,music
The Immaculate Collection,music
Let’s Talk About Love,music
1,music
Abbey Road,music
ABBA Gold – Greatest Hits,music
Born in the U.S.A.,music
The Wall,music
Titanic: Music from the Motion Picture,music
Brothers in Arms,music
Nevermind,music
Supernatural,music
Appetite for Destruction,music
Goodbye Yellow Brick Road,music
In-A-Gadda-Da-Vida,music
Hybrid Theory,music
Slippery When Wet,music
Music Box,music
Come Away with Me,music
Meteora,music
Unplugged,music
… Baby One More Time,music
Legend,music
Tapestry,music
No Jacket Required,music
Greatest Hits,music
True Blue,music
Bridge over Troubled Water,music
The Joshua Tree,music
Purple Rain,music
Faith,music
Happy Nation,music
Backstreet’s Back,music
Millennium,music
Spice,music
CrazySexyCool,music
All the Way… A Decade of Song,music
The Score,music
(What’s the Story) Morning Glory?,music
"HIStory – Past, Present and Future Book I",music
25,music
Cracked Rear View,music
Like a Virgin,music
Cross Road,music
No Angel,music
Encore,music
Off the Wall,music
The Miseducation of Lauryn Hill,music
Oops! … I Did It Again,music
The Colour of My Love,music
Hysteria,music
Elvis’ Christmas Album,music
Dookie,music
Can’t Slow Down,music
Daydream,music
Wish You Were Here,music
The Woman in Me,music
Breakfast in America,music
Flashdance,music
Whitney,music
Tommy,music
Romanza,music
janet.,music
Some Gave All,music
Spirits Having Flown,music
Ray of Light,music
Guilty,music
Back to Black,music
Private Dancer,music
Minutes to Midnight,music
Recovery,music
